elapsed_time_s,explored_cells,exploration_rate
0.060,336,0.001254
0.168,360,0.001343
0.271,394,0.001470
0.375,454,0.001694
0.480,493,0.001840
0.587,521,0.001944
0.688,541,0.002019
0.799,554,0.002067
0.889,560,0.002090
0.993,566,0.002112
1.020,573,0.002138
1.218,580,0.002164
1.320,587,0.002190
1.446,608,0.002269
1.521,646,0.002411
1.627,685,0.002556
1.723,716,0.002672
1.818,739,0.002758
1.922,750,0.002799
2.016,758,0.002828
2.120,764,0.002851
2.216,768,0.002866
2.318,771,0.002877
2.421,817,0.003049
2.518,862,0.003217
2.623,906,0.003381
2.754,934,0.003485
2.825,973,0.003631
2.924,1016,0.003791
3.022,1060,0.003955
3.123,1108,0.004134
3.227,1187,0.004429
3.411,1244,0.004642
3.462,1259,0.004698
3.566,1301,0.004855
3.666,1366,0.005097
3.773,1427,0.005325
3.877,1471,0.005489
3.976,1501,0.005601
4.097,1508,0.005627
4.181,1515,0.005653
4.295,1521,0.005676
4.386,1527,0.005698
4.489,1532,0.005717
4.591,1533,0.005720
4.700,1534,0.005724
4.705,1534,0.005724
4.806,1536,0.005732
5.010,1536,0.005732
5.106,1539,0.005743
5.210,1543,0.005758
5.312,1554,0.005799
5.458,1555,0.005802
5.510,1555,0.005802
5.608,1556,0.005806
5.710,1557,0.005810
5.810,1558,0.005814
5.909,1558,0.005814
6.010,1562,0.005829
6.110,1566,0.005843
6.212,1569,0.005855
6.308,1577,0.005885
6.412,1584,0.005911
6.509,1592,0.005940
6.613,1597,0.005959
6.734,1606,0.005993
6.810,1613,0.006019
6.957,1614,0.006023
7.063,1615,0.006026
7.161,1615,0.006026
7.261,1615,0.006026
7.372,1615,0.006026
7.470,1618,0.006038
7.573,1622,0.006052
7.678,1623,0.006056
7.778,1624,0.006060
7.885,1627,0.006071
8.006,1638,0.006112
8.089,1653,0.006168
8.190,1664,0.006209
8.207,1675,0.006250
8.313,1681,0.006273
8.512,1687,0.006295
8.650,1694,0.006321
8.707,1699,0.006340
8.809,1701,0.006347
8.909,1701,0.006347
9.012,1704,0.006358
9.108,1706,0.006366
9.210,1707,0.006370
9.312,1708,0.006373
9.412,1710,0.006381
9.513,1715,0.006399
9.610,1720,0.006418
9.713,1721,0.006422
9.808,1726,0.006441
9.944,1729,0.006452
10.052,1738,0.006485
10.151,1743,0.006504
10.251,1743,0.006504
10.354,1744,0.006508
10.453,1750,0.006530
10.585,1756,0.006552
10.663,1761,0.006571
10.764,1762,0.006575
10.868,1766,0.006590
10.977,1774,0.006620
11.077,1778,0.006635
11.178,1785,0.006661
11.278,1789,0.006676
11.383,1799,0.006713
11.488,1805,0.006735
11.584,1811,0.006758
11.691,1821,0.006795
11.797,1835,0.006847
11.813,1847,0.006892
11.939,1886,0.007038
12.126,1922,0.007172
12.217,1966,0.007336
12.318,1996,0.007448
12.419,2025,0.007556
12.518,2046,0.007635
12.615,2054,0.007664
12.711,2057,0.007676
12.813,2061,0.007691
12.910,2064,0.007702
13.015,2080,0.007761
13.117,2101,0.007840
13.271,2129,0.007944
13.315,2159,0.008056
13.415,2189,0.008168
13.513,2203,0.008220
13.619,2221,0.008288
13.719,2233,0.008332
13.813,2252,0.008403
13.957,2274,0.008485
14.059,2315,0.008638
14.156,2351,0.008773
14.264,2379,0.008877
14.364,2411,0.008997
14.469,2442,0.009112
14.598,2476,0.009239
14.674,2489,0.009288
14.785,2500,0.009329
14.878,2515,0.009385
14.984,2532,0.009448
15.088,2564,0.009567
15.192,2614,0.009754
15.295,2651,0.009892
15.319,2679,0.009997
15.519,2706,0.010097
15.615,2716,0.010135
15.723,2731,0.010191
15.817,2753,0.010273
15.969,2784,0.010388
16.019,2808,0.010478
16.121,2834,0.010575
16.223,2868,0.010702
16.324,2905,0.010840
16.417,2943,0.010982
16.516,2982,0.011127
16.681,3028,0.011299
16.722,3051,0.011385
16.816,3082,0.011500
16.921,3112,0.011612
17.054,3135,0.011698
17.158,3154,0.011769
17.259,3184,0.011881
17.366,3192,0.011911
17.460,3202,0.011948
17.565,3204,0.011956
17.669,3215,0.011997
17.773,3243,0.012101
17.878,3283,0.012250
18.026,3324,0.012403
18.086,3354,0.012515
18.187,3384,0.012627
18.288,3410,0.012724
18.393,3435,0.012818
18.487,3457,0.012900
18.598,3476,0.012971
18.625,3492,0.013030
18.822,3509,0.013094
18.933,3517,0.013124
19.019,3524,0.013150
19.125,3543,0.013221
19.222,3592,0.013403
19.324,3626,0.013530
19.436,3665,0.013676
19.521,3714,0.013859
19.629,3743,0.013967
19.723,3773,0.014079
19.823,3809,0.014213
19.924,3845,0.014347
20.026,3882,0.014486
20.126,3919,0.014624
20.223,3964,0.014792
20.319,4002,0.014933
20.409,4044,0.015090
20.507,4092,0.015269
20.656,4120,0.015374
20.810,4163,0.015534
20.864,4197,0.015661
20.958,4233,0.015795
21.062,4266,0.015918
21.166,4298,0.016038
21.269,4305,0.016064
21.370,4319,0.016116
21.476,4327,0.016146
21.572,4334,0.016172
21.663,4341,0.016198
21.772,4349,0.016228
21.868,4356,0.016254
21.972,4391,0.016385
22.141,4423,0.016504
22.182,4465,0.016661
22.286,4504,0.016807
22.392,4532,0.016911
22.490,4554,0.016993
22.595,4574,0.017068
22.612,4599,0.017161
22.838,4632,0.017284
22.914,4665,0.017407
23.028,4696,0.017523
23.117,4735,0.017669
23.209,4761,0.017766
23.312,4797,0.017900
23.411,4821,0.017989
23.550,4835,0.018042
23.610,4850,0.018098
23.713,4852,0.018105
23.806,4857,0.018124
23.905,4872,0.018180
24.010,4895,0.018266
24.111,4927,0.018385
24.235,4947,0.018460
24.307,4977,0.018572
24.411,5010,0.018695
24.509,5029,0.018766
24.609,5044,0.018822
24.712,5053,0.018855
24.810,5056,0.018866
24.911,5067,0.018907
25.011,5070,0.018919
25.151,5071,0.018922
25.250,5071,0.018922
25.353,5072,0.018926
25.455,5072,0.018926
25.561,5075,0.018937
25.661,5078,0.018948
25.767,5079,0.018952
25.867,5085,0.018975
25.971,5092,0.019001
26.079,5096,0.019016
26.190,5098,0.019023
26.284,5100,0.019030
26.386,5100,0.019030
26.489,5101,0.019034
26.588,5127,0.019131
26.693,5146,0.019202
26.713,5168,0.019284
26.911,5170,0.019292
27.023,5172,0.019299
27.112,5172,0.019299
27.215,5201,0.019407
27.315,5256,0.019613
27.410,5278,0.019695
27.539,5281,0.019706
27.611,5281,0.019706
27.708,5281,0.019706
27.810,5281,0.019706
27.913,5281,0.019706
28.010,5281,0.019706
28.109,5284,0.019717
28.211,5284,0.019717
28.313,5284,0.019717
28.452,5288,0.019732
28.558,5328,0.019881
28.660,5384,0.020090
28.764,5408,0.020180
28.869,5411,0.020191
28.968,5413,0.020198
29.074,5414,0.020202
29.179,5415,0.020206
29.280,5422,0.020232
29.384,5428,0.020254
29.518,5441,0.020303
29.588,5446,0.020322
29.706,5452,0.020344
29.713,5457,0.020363
29.817,5464,0.020389
30.018,5475,0.020430
30.137,5493,0.020497
30.219,5511,0.020564
30.319,5524,0.020613
30.416,5538,0.020665
30.513,5554,0.020725
30.616,5567,0.020773
30.719,5582,0.020829
30.821,5596,0.020881
30.917,5604,0.020911
31.018,5619,0.020967
31.118,5637,0.021034
31.214,5649,0.021079
31.319,5658,0.021113
31.442,5673,0.021169
31.521,5693,0.021243
31.616,5720,0.021344
31.749,5747,0.021445
31.853,5775,0.021549
31.955,5809,0.021676
32.057,5843,0.021803
32.160,5866,0.021889
32.262,5898,0.022008
32.362,5933,0.022139
32.465,5959,0.022236
32.574,5998,0.022381
32.672,6028,0.022493
32.784,6062,0.022620
32.877,6107,0.022788
32.978,6141,0.022915
33.077,6170,0.023023
33.181,6192,0.023105
33.288,6213,0.023184
33.384,6229,0.023243
33.488,6234,0.023262
33.594,6237,0.023273
33.618,6238,0.023277
33.720,6244,0.023299
33.822,6256,0.023344
34.022,6270,0.023396
34.123,6303,0.023519
34.234,6337,0.023646
34.324,6389,0.023840
34.417,6436,0.024016
34.522,6478,0.024172
34.632,6504,0.024269
34.721,6524,0.024344
34.822,6548,0.024434
34.921,6585,0.024572
35.023,6619,0.024699
35.119,6642,0.024784
35.222,6674,0.024904
35.323,6704,0.025016
35.420,6724,0.025090
35.561,6734,0.025128
35.660,6774,0.025277
35.760,6805,0.025393
35.867,6827,0.025475
35.962,6848,0.025553
36.068,6868,0.025628
36.215,6899,0.025743
36.275,6935,0.025878
36.389,6964,0.025986
36.480,6987,0.026072
36.585,7017,0.026184
36.687,7048,0.026299
36.791,7075,0.026400
36.892,7117,0.026557
36.996,7149,0.026676
37.024,7177,0.026781
37.108,7210,0.026904
37.303,7238,0.027008
37.413,7277,0.027154
37.557,7307,0.027266
37.611,7351,0.027430
37.708,7378,0.027531
37.807,7418,0.027680
37.911,7453,0.027811
38.012,7491,0.027952
38.110,7528,0.028090
38.210,7559,0.028206
38.308,7596,0.028344
38.410,7609,0.028393
38.506,7629,0.028467
38.605,7640,0.028508
38.710,7672,0.028628
38.870,7722,0.028814
38.906,7780,0.029031
39.050,7822,0.029188
39.155,7847,0.029281
39.258,7872,0.029374
39.359,7894,0.029456
39.489,7916,0.029538
39.571,7931,0.029594
39.668,7959,0.029699
39.776,7978,0.029770
39.875,7995,0.029833
39.980,8009,0.029885
40.081,8018,0.029919
40.180,8026,0.029949
40.285,8030,0.029964
40.388,8036,0.029986
40.496,8049,0.030035
40.588,8079,0.030147
40.696,8097,0.030214
40.710,8118,0.030292
40.844,8129,0.030333
41.010,8143,0.030385
41.111,8151,0.030415
41.210,8174,0.030501
41.309,8190,0.030561
41.414,8215,0.030654
41.536,8242,0.030755
41.612,8265,0.030841
41.717,8277,0.030885
41.812,8294,0.030949
41.911,8326,0.031068
42.007,8352,0.031165
42.115,8386,0.031292
42.229,8415,0.031400
42.310,8435,0.031475
42.410,8474,0.031620
42.513,8484,0.031658
42.643,8485,0.031662
42.752,8487,0.031669
42.896,8489,0.031676
42.952,8496,0.031703
43.054,8508,0.031747
43.158,8518,0.031785
43.267,8519,0.031788
43.364,8520,0.031792
43.467,8525,0.031811
43.563,8527,0.031818
43.674,8531,0.031833
43.776,8547,0.031893
43.888,8587,0.032042
43.991,8613,0.032139
44.090,8627,0.032191
44.237,8638,0.032232
44.256,8645,0.032259
44.317,8654,0.032292
44.511,8659,0.032311
44.612,8659,0.032311
44.719,8662,0.032322
44.812,8665,0.032333
44.915,8672,0.032359
45.017,8683,0.032400
45.120,8714,0.032516
45.216,8742,0.032620
45.316,8756,0.032673
45.413,8772,0.032732
45.561,8780,0.032762
45.615,8783,0.032773
45.717,8783,0.032773
45.815,8785,0.032781
45.916,8787,0.032788
46.017,8792,0.032807
46.117,8804,0.032852
46.218,8855,0.033042
46.357,8878,0.033128
46.462,8897,0.033199
46.559,8914,0.033262
46.667,8929,0.033318
46.769,8950,0.033397
46.898,8971,0.033475
46.972,8994,0.033561
47.082,9026,0.033680
47.183,9075,0.033863
47.280,9113,0.034005
47.382,9137,0.034094
47.488,9164,0.034195
47.595,9194,0.034307
47.698,9233,0.034453
47.719,9279,0.034624
47.920,9319,0.034774
48.015,9353,0.034900
48.122,9390,0.035038
48.303,9422,0.035158
48.316,9456,0.035285
48.415,9479,0.035371
48.519,9504,0.035464
48.614,9522,0.035531
48.737,9550,0.035636
48.821,9578,0.035740
48.916,9618,0.035889
49.033,9659,0.036042
49.125,9700,0.036195
49.230,9732,0.036315
49.320,9767,0.036445
49.421,9811,0.036609
49.522,9845,0.036736
49.657,9890,0.036904
49.773,9919,0.037012
49.856,9943,0.037102
49.961,9974,0.037218
50.068,10009,0.037348
50.192,10046,0.037486
50.271,10070,0.037576
50.371,10100,0.037688
50.497,10119,0.037759
50.577,10135,0.037818
50.681,10154,0.037889
50.778,10169,0.037945
50.880,10194,0.038039
50.987,10218,0.038128
51.088,10254,0.038262
51.242,10280,0.038359
51.250,10299,0.038430
51.323,10321,0.038512
51.438,10353,0.038632
51.623,10373,0.038707
51.724,10392,0.038777
51.825,10410,0.038845
51.985,10420,0.038882
52.022,10429,0.038915
52.125,10443,0.038968
52.219,10450,0.038994
52.323,10456,0.039016
52.422,10458,0.039024
52.519,10464,0.039046
52.671,10467,0.039057
52.723,10472,0.039076
52.825,10485,0.039124
52.922,10497,0.039169
53.025,10536,0.039315
53.153,10574,0.039457
53.259,10603,0.039565
53.408,10617,0.039617
53.461,10625,0.039647
53.565,10632,0.039673
53.667,10637,0.039692
53.768,10644,0.039718
53.872,10645,0.039721
53.975,10647,0.039729
54.111,10663,0.039789
54.183,10675,0.039833
54.293,10689,0.039886
54.389,10702,0.039934
54.492,10717,0.039990
54.590,10728,0.040031
54.690,10740,0.040076
54.806,10766,0.040173
54.889,10789,0.040259
55.004,10822,0.040382
55.010,10871,0.040565
55.237,10920,0.040748
55.307,10956,0.040882
55.410,10991,0.041013
55.528,11020,0.041121
55.610,11046,0.041218
55.721,11075,0.041326
55.814,11098,0.041412
55.925,11134,0.041546
56.013,11166,0.041666
56.109,11188,0.041748
56.241,11210,0.041830
56.311,11226,0.041889
56.412,11234,0.041919
56.509,11251,0.041983
56.610,11260,0.042016
56.711,11265,0.042035
56.807,11269,0.042050
56.911,11272,0.042061
57.011,11279,0.042087
57.160,11282,0.042098
57.259,11284,0.042106
57.366,11292,0.042136
57.463,11305,0.042184
57.570,11319,0.042236
57.670,11364,0.042404
57.770,11421,0.042617
57.874,11453,0.042737
57.985,11467,0.042789
58.077,11474,0.042815
58.249,11478,0.042830
58.286,11484,0.042852
58.384,11488,0.042867
58.488,11494,0.042890
58.586,11499,0.042908
58.693,11506,0.042934
58.713,11512,0.042957
58.937,11523,0.042998
59.013,11537,0.043050
59.120,11561,0.043140
59.215,11586,0.043233
59.310,11616,0.043345
59.416,11636,0.043419
59.509,11668,0.043539
59.664,11686,0.043606
59.713,11708,0.043688
59.814,11725,0.043751
59.917,11742,0.043815
60.010,11756,0.043867
60.117,11776,0.043942
60.213,11811,0.044072
60.415,11836,0.044166
60.449,11864,0.044270
60.551,11888,0.044360
60.652,11914,0.044457
60.757,11955,0.044610
60.864,12003,0.044789
60.964,12035,0.044908
61.069,12063,0.045013
61.175,12080,0.045076
61.275,12104,0.045166
61.376,12137,0.045289
61.482,12152,0.045345
61.591,12169,0.045408
61.679,12194,0.045502
61.781,12208,0.045554
61.883,12218,0.045591
61.984,12237,0.045662
62.091,12253,0.045722
62.198,12271,0.045789
62.220,12300,0.045897
62.322,12318,0.045964
62.600,12342,0.046054
62.618,12363,0.046132
62.717,12390,0.046233
62.815,12419,0.046341
62.915,12452,0.046464
63.020,12484,0.046584
63.119,12510,0.046681
63.225,12539,0.046789
63.330,12573,0.046916
63.423,12609,0.047050
63.519,12635,0.047147
63.619,12653,0.047214
63.717,12675,0.047296
63.813,12687,0.047341
63.954,12695,0.047371
64.060,12702,0.047397
64.161,12707,0.047416
64.269,12714,0.047442
64.369,12719,0.047461
64.469,12727,0.047490
64.579,12745,0.047558
64.735,12772,0.047658
64.783,12781,0.047692
64.890,12787,0.047714
64.992,12804,0.047778
65.019,12823,0.047849
65.221,12848,0.047942
65.315,12874,0.048039
65.435,12909,0.048170
65.518,12949,0.048319
65.631,12990,0.048472
65.716,13015,0.048565
65.826,13036,0.048643
65.927,13060,0.048733
66.017,13079,0.048804
66.178,13092,0.048852
66.225,13104,0.048897
66.321,13119,0.048953
66.421,13130,0.048994
66.522,13158,0.049099
66.651,13184,0.049196
66.756,13211,0.049296
66.906,13238,0.049397
66.955,13267,0.049505
67.063,13291,0.049595
67.156,13316,0.049688
67.263,13326,0.049726
67.369,13349,0.049811
67.474,13367,0.049879
67.597,13384,0.049942
67.673,13404,0.050017
67.781,13440,0.050151
67.877,13471,0.050267
67.989,13497,0.050364
68.089,13521,0.050453
68.191,13547,0.050550
68.311,13560,0.050599
68.334,13575,0.050655
68.520,13595,0.050729
68.622,13608,0.050778
68.721,13616,0.050808
68.825,13625,0.050841
69.007,13643,0.050908
69.019,13657,0.050961
69.122,13672,0.051017
69.221,13685,0.051065
69.325,13688,0.051076
69.420,13694,0.051099
69.526,13706,0.051144
69.695,13716,0.051181
69.724,13728,0.051226
69.825,13740,0.051270
69.926,13746,0.051293
70.023,13752,0.051315
70.125,13756,0.051330
70.223,13761,0.051349
70.382,13761,0.051349
70.459,13761,0.051349
70.562,13761,0.051349
70.664,13761,0.051349
70.776,13764,0.051360
70.875,13771,0.051386
70.975,13785,0.051438
71.074,13864,0.051733
71.179,13935,0.051998
71.282,13982,0.052173
71.381,14025,0.052334
71.481,14094,0.052591
71.588,14179,0.052908
71.731,14240,0.053136
71.796,14269,0.053244
71.901,14291,0.053326
71.917,14324,0.053450
72.115,14335,0.053491
72.217,14344,0.053524
72.309,14355,0.053565
72.408,14362,0.053591
72.514,14367,0.053610
72.612,14369,0.053617
72.712,14370,0.053621
72.810,14375,0.053640
72.912,14378,0.053651
73.086,14385,0.053677
73.111,14393,0.053707
73.214,14404,0.053748
73.313,14409,0.053767
73.412,14412,0.053778
73.511,14417,0.053797
73.611,14423,0.053819
73.744,14435,0.053864
73.810,14440,0.053882
73.916,14442,0.053890
74.011,14453,0.053931
74.157,14465,0.053976
74.257,14480,0.054032
74.407,14501,0.054110
74.460,14525,0.054200
74.567,14536,0.054241
74.671,14543,0.054267
74.775,14557,0.054319
74.875,14565,0.054349
74.975,14572,0.054375
75.074,14585,0.054423
75.180,14593,0.054453
75.281,14604,0.054494
75.382,14623,0.054565
75.482,14642,0.054636
75.585,14661,0.054707
75.738,14681,0.054782
75.791,14712,0.054897
75.888,14741,0.055006
75.990,14772,0.055121
76.086,14802,0.055233
76.193,14824,0.055315
76.292,14850,0.055412
76.315,14873,0.055498
76.521,14901,0.055603
76.616,14933,0.055722
76.717,14972,0.055868
76.817,14992,0.055942
76.915,15019,0.056043
77.105,15041,0.056125
77.112,15057,0.056185
77.211,15071,0.056237
77.316,15088,0.056300
77.413,15109,0.056379
77.512,15149,0.056528
77.618,15193,0.056692
77.812,15228,0.056823
77.823,15249,0.056901
77.917,15283,0.057028
78.019,15350,0.057278
78.118,15421,0.057543
78.218,15476,0.057748
78.316,15518,0.057905
78.496,15547,0.058013
78.551,15580,0.058136
78.654,15603,0.058222
78.756,15636,0.058345
78.863,15667,0.058461
78.965,15711,0.058625
79.066,15740,0.058733
79.175,15778,0.058875
79.272,15826,0.059054
79.379,15872,0.059226
79.475,15911,0.059371
79.583,15949,0.059513
79.686,15982,0.059636
79.854,16019,0.059774
79.896,16052,0.059898
79.922,16078,0.059995
80.021,16115,0.060133
80.118,16156,0.060286
80.317,16209,0.060483
80.419,16242,0.060607
80.548,16272,0.060718
80.622,16298,0.060815
80.723,16333,0.060946
80.822,16360,0.061047
80.914,16386,0.061144
81.019,16399,0.061192
81.119,16410,0.061233
81.218,16415,0.061252
81.316,16417,0.061260
81.418,16417,0.061260
81.521,16422,0.061278
81.618,16435,0.061327
81.719,16458,0.061413
81.874,16506,0.061592
81.919,16553,0.061767
82.029,16583,0.061879
82.120,16599,0.061939
82.222,16609,0.061976
82.362,16621,0.062021
82.546,16632,0.062062
82.564,16644,0.062107
82.667,16657,0.062155
82.765,16671,0.062207
82.866,16688,0.062271
82.980,16702,0.062323
83.077,16725,0.062409
83.217,16746,0.062487
83.280,16758,0.062532
83.383,16771,0.062580
83.487,16786,0.062636
83.594,16798,0.062681
83.696,16820,0.062763
83.722,16849,0.062872
83.923,16895,0.063043
84.022,16946,0.063233
84.123,16991,0.063401
84.223,17023,0.063521
84.321,17062,0.063666
84.425,17106,0.063831
84.593,17140,0.063957
84.619,17172,0.064077
84.729,17188,0.064136
84.820,17220,0.064256
84.918,17246,0.064353
85.039,17268,0.064435
85.121,17284,0.064495
85.275,17314,0.064607
85.321,17343,0.064715
85.424,17361,0.064782
85.523,17377,0.064842
85.625,17397,0.064916
85.725,17442,0.065084
85.827,17489,0.065260
85.973,17515,0.065357
86.056,17531,0.065416
